time(micros),GSR,skin_resistance
1000,696.0,0.14326647564469916
1001,696.0,0.14326647564469916
1002,696.0,0.14326647564469916
1004,696.0,0.14326647564469916
1005,696.0,0.14326647564469916
1006,696.0,0.14326647564469916
1008,696.0,0.14326647564469916
1009,696.0,0.14326647564469916
1010,695.0,0.17921146953405018
1011,696.0,0.14326647564469916
1013,696.0,0.14326647564469916
1014,696.0,0.14326647564469916
1015,696.0,0.14326647564469916
1016,696.0,0.14326647564469916
1018,696.0,0.14326647564469916
1019,696.0,0.14326647564469916
1020,696.0,0.14326647564469916
1022,696.0,0.14326647564469916
1024,695.0,0.17921146953405018
1025,696.0,0.14326647564469916
1026,696.0,0.14326647564469916
1028,696.0,0.14326647564469916
1029,696.0,0.14326647564469916
1030,696.0,0.14326647564469916
1031,696.0,0.14326647564469916
1033,696.0,0.14326647564469916
1034,696.0,0.14326647564469916
1035,695.0,0.17921146953405018
1037,696.0,0.14326647564469916
1038,696.0,0.14326647564469916
1039,696.0,0.14326647564469916
1040,695.0,0.17921146953405018
1042,696.0,0.14326647564469916
1043,696.0,0.14326647564469916
1044,696.0,0.14326647564469916
1045,695.0,0.17921146953405018
1047,696.0,0.14326647564469916
1048,696.0,0.14326647564469916
1049,696.0,0.14326647564469916
1051,696.0,0.14326647564469916
1052,696.0,0.14326647564469916
1053,695.0,0.17921146953405018
1054,695.0,0.17921146953405018
1056,695.0,0.17921146953405018
1057,695.0,0.17921146953405018
1058,695.0,0.17921146953405018
1059,695.0,0.17921146953405018
1061,695.0,0.17921146953405018
1062,696.0,0.14326647564469916
1063,695.0,0.17921146953405018
1065,696.0,0.14326647564469916
1067,696.0,0.14326647564469916
1068,696.0,0.14326647564469916
1069,696.0,0.14326647564469916
1071,696.0,0.14326647564469916
1072,696.0,0.14326647564469916
1073,696.0,0.14326647564469916
1075,696.0,0.14326647564469916
1076,695.0,0.17921146953405018
1077,696.0,0.14326647564469916
1078,696.0,0.14326647564469916
1080,696.0,0.14326647564469916
1081,695.0,0.17921146953405018
1082,695.0,0.17921146953405018
1083,695.0,0.17921146953405018
1085,696.0,0.14326647564469916
1086,696.0,0.14326647564469916
1087,695.0,0.17921146953405018
1089,695.0,0.17921146953405018
1090,696.0,0.14326647564469916
1091,696.0,0.14326647564469916
1092,696.0,0.14326647564469916
1094,696.0,0.14326647564469916
1095,696.0,0.14326647564469916
1096,695.0,0.17921146953405018
1097,696.0,0.14326647564469916
1099,696.0,0.14326647564469916
1100,695.0,0.17921146953405018
1101,695.0,0.17921146953405018
1103,696.0,0.14326647564469916
1104,695.0,0.17921146953405018
1105,696.0,0.14326647564469916
1106,696.0,0.14326647564469916
1108,696.0,0.14326647564469916
1110,696.0,0.14326647564469916
1111,695.0,0.17921146953405018
1112,696.0,0.14326647564469916
1114,695.0,0.17921146953405018
1115,696.0,0.14326647564469916
1116,695.0,0.17921146953405018
1118,695.0,0.17921146953405018
1119,696.0,0.14326647564469916
1120,695.0,0.17921146953405018
1121,696.0,0.14326647564469916
1123,695.0,0.17921146953405018
1124,695.0,0.17921146953405018
1125,696.0,0.14326647564469916
1126,696.0,0.14326647564469916
1128,696.0,0.14326647564469916
1129,696.0,0.14326647564469916
1130,695.0,0.17921146953405018
1132,696.0,0.14326647564469916
1133,696.0,0.14326647564469916
1134,695.0,0.17921146953405018
1135,696.0,0.14326647564469916
1137,696.0,0.14326647564469916
1138,696.0,0.14326647564469916
1139,695.0,0.17921146953405018
1140,696.0,0.14326647564469916
1142,695.0,0.17921146953405018
1143,695.0,0.17921146953405018
1144,696.0,0.14326647564469916
1146,695.0,0.17921146953405018
1147,696.0,0.14326647564469916
1148,696.0,0.14326647564469916
1149,696.0,0.14326647564469916
1152,696.0,0.14326647564469916
1153,696.0,0.14326647564469916
1154,695.0,0.17921146953405018
1155,696.0,0.14326647564469916
1157,695.0,0.17921146953405018
1158,695.0,0.17921146953405018
1159,695.0,0.17921146953405018
1161,695.0,0.17921146953405018
1162,696.0,0.14326647564469916
1163,696.0,0.14326647564469916
1164,695.0,0.17921146953405018
1166,696.0,0.14326647564469916
1167,696.0,0.14326647564469916
1168,695.0,0.17921146953405018
1169,696.0,0.14326647564469916
1171,695.0,0.17921146953405018
1172,696.0,0.14326647564469916
1173,696.0,0.14326647564469916
1175,695.0,0.17921146953405018
1176,696.0,0.14326647564469916
1177,695.0,0.17921146953405018
1178,695.0,0.17921146953405018
1180,696.0,0.14326647564469916
1181,695.0,0.17921146953405018
1182,695.0,0.17921146953405018
1183,696.0,0.14326647564469916
1185,696.0,0.14326647564469916
1186,696.0,0.14326647564469916
1187,696.0,0.14326647564469916
1189,695.0,0.17921146953405018
1190,696.0,0.14326647564469916
1191,695.0,0.17921146953405018
1192,695.0,0.17921146953405018
1195,695.0,0.17921146953405018
1196,695.0,0.17921146953405018
1197,695.0,0.17921146953405018
1198,695.0,0.17921146953405018
1200,695.0,0.17921146953405018
1201,696.0,0.14326647564469916
1202,695.0,0.17921146953405018
1204,695.0,0.17921146953405018
1205,695.0,0.17921146953405018
1206,696.0,0.14326647564469916
1207,695.0,0.17921146953405018
1209,696.0,0.14326647564469916
1210,696.0,0.14326647564469916
1211,695.0,0.17921146953405018
1212,695.0,0.17921146953405018
1214,695.0,0.17921146953405018
1215,696.0,0.14326647564469916
1216,695.0,0.17921146953405018
1218,696.0,0.14326647564469916
1219,696.0,0.14326647564469916
1220,695.0,0.17921146953405018
1221,695.0,0.17921146953405018
1223,695.0,0.17921146953405018
1224,695.0,0.17921146953405018
1225,696.0,0.14326647564469916
1226,696.0,0.14326647564469916
1228,696.0,0.14326647564469916
1229,696.0,0.14326647564469916
1230,696.0,0.14326647564469916
1232,696.0,0.14326647564469916
1233,696.0,0.14326647564469916
1234,696.0,0.14326647564469916
1235,696.0,0.14326647564469916
1238,695.0,0.17921146953405018
1239,695.0,0.17921146953405018
1240,695.0,0.17921146953405018
1241,695.0,0.17921146953405018
1243,695.0,0.17921146953405018
1244,695.0,0.17921146953405018
1245,696.0,0.14326647564469916
1247,696.0,0.14326647564469916
1248,696.0,0.14326647564469916
1249,695.0,0.17921146953405018
1250,695.0,0.17921146953405018
1252,695.0,0.17921146953405018
1253,695.0,0.17921146953405018
1254,695.0,0.17921146953405018
1255,695.0,0.17921146953405018
1257,696.0,0.14326647564469916
1258,695.0,0.17921146953405018
1259,695.0,0.17921146953405018
1261,695.0,0.17921146953405018
1262,695.0,0.17921146953405018
1263,695.0,0.17921146953405018
1264,695.0,0.17921146953405018
1266,695.0,0.17921146953405018
1267,695.0,0.17921146953405018
1268,696.0,0.14326647564469916
1269,695.0,0.17921146953405018
1271,695.0,0.17921146953405018
1272,696.0,0.14326647564469916
1273,695.0,0.17921146953405018
1275,695.0,0.17921146953405018
1276,696.0,0.14326647564469916
1277,696.0,0.14326647564469916
1278,696.0,0.14326647564469916
1281,695.0,0.17921146953405018
1282,695.0,0.17921146953405018
1283,696.0,0.14326647564469916
1284,695.0,0.17921146953405018
1286,696.0,0.14326647564469916
1287,695.0,0.17921146953405018
1288,695.0,0.17921146953405018
1290,696.0,0.14326647564469916
1291,696.0,0.14326647564469916
1292,696.0,0.14326647564469916
1293,695.0,0.17921146953405018
1295,695.0,0.17921146953405018
1296,695.0,0.17921146953405018
1297,695.0,0.17921146953405018
1298,695.0,0.17921146953405018
1300,695.0,0.17921146953405018
1301,695.0,0.17921146953405018
1302,695.0,0.17921146953405018
1304,696.0,0.14326647564469916
1305,696.0,0.14326647564469916
1306,696.0,0.14326647564469916
1307,696.0,0.14326647564469916
1309,696.0,0.14326647564469916
1310,696.0,0.14326647564469916
1311,695.0,0.17921146953405018
1312,695.0,0.17921146953405018
1314,695.0,0.17921146953405018
1315,695.0,0.17921146953405018
1316,695.0,0.17921146953405018
1318,696.0,0.14326647564469916
1319,696.0,0.14326647564469916
1320,696.0,0.14326647564469916
1321,696.0,0.14326647564469916
1324,695.0,0.17921146953405018
1325,695.0,0.17921146953405018
1326,695.0,0.17921146953405018
1327,695.0,0.17921146953405018
1329,696.0,0.14326647564469916
1330,696.0,0.14326647564469916
1331,696.0,0.14326647564469916
1333,695.0,0.17921146953405018
1334,695.0,0.17921146953405018
1335,696.0,0.14326647564469916
1336,695.0,0.17921146953405018
1338,696.0,0.14326647564469916
1339,696.0,0.14326647564469916
1340,695.0,0.17921146953405018
1341,695.0,0.17921146953405018
1343,695.0,0.17921146953405018
1344,695.0,0.17921146953405018
1345,695.0,0.17921146953405018
1347,696.0,0.14326647564469916
1348,696.0,0.14326647564469916
1349,696.0,0.14326647564469916
1350,695.0,0.17921146953405018
1352,696.0,0.14326647564469916
1353,696.0,0.14326647564469916
1354,695.0,0.17921146953405018
1355,696.0,0.14326647564469916
1357,695.0,0.17921146953405018
1358,695.0,0.17921146953405018
1359,695.0,0.17921146953405018
1361,695.0,0.17921146953405018
1362,695.0,0.17921146953405018
1363,696.0,0.14326647564469916
1364,695.0,0.17921146953405018
1367,696.0,0.14326647564469916
1368,695.0,0.17921146953405018
1369,696.0,0.14326647564469916
1370,695.0,0.17921146953405018
1372,695.0,0.17921146953405018
1373,696.0,0.14326647564469916
1374,695.0,0.17921146953405018
1376,695.0,0.17921146953405018
1377,696.0,0.14326647564469916
1378,695.0,0.17921146953405018
1379,695.0,0.17921146953405018
1381,695.0,0.17921146953405018
1382,695.0,0.17921146953405018
1383,695.0,0.17921146953405018
1384,696.0,0.14326647564469916
1386,696.0,0.14326647564469916
1387,695.0,0.17921146953405018
1388,696.0,0.14326647564469916
1390,696.0,0.14326647564469916
1391,696.0,0.14326647564469916
1392,696.0,0.14326647564469916
1393,695.0,0.17921146953405018
1395,695.0,0.17921146953405018
1396,696.0,0.14326647564469916
1397,696.0,0.14326647564469916
1398,696.0,0.14326647564469916
1400,696.0,0.14326647564469916
1401,696.0,0.14326647564469916
1402,695.0,0.17921146953405018
1404,695.0,0.17921146953405018
1405,696.0,0.14326647564469916
1406,695.0,0.17921146953405018
1408,696.0,0.14326647564469916
1410,696.0,0.14326647564469916
1411,695.0,0.17921146953405018
1412,696.0,0.14326647564469916
1413,696.0,0.14326647564469916
1415,696.0,0.14326647564469916
1416,696.0,0.14326647564469916
1417,695.0,0.17921146953405018
1419,696.0,0.14326647564469916
1420,695.0,0.17921146953405018
1421,695.0,0.17921146953405018
1422,695.0,0.17921146953405018
1424,696.0,0.14326647564469916
1425,696.0,0.14326647564469916
1426,696.0,0.14326647564469916
1427,695.0,0.17921146953405018
1429,696.0,0.14326647564469916
1430,696.0,0.14326647564469916
1431,696.0,0.14326647564469916
1433,696.0,0.14326647564469916
1434,695.0,0.17921146953405018
1435,696.0,0.14326647564469916
1436,696.0,0.14326647564469916
1438,696.0,0.14326647564469916
1439,695.0,0.17921146953405018
1440,695.0,0.17921146953405018
1441,696.0,0.14326647564469916
1443,695.0,0.17921146953405018
1444,696.0,0.14326647564469916
1445,696.0,0.14326647564469916
1447,695.0,0.17921146953405018
1448,696.0,0.14326647564469916
1449,696.0,0.14326647564469916
1451,696.0,0.14326647564469916
1453,695.0,0.17921146953405018
1454,695.0,0.17921146953405018
1455,696.0,0.14326647564469916
1456,695.0,0.17921146953405018
1458,696.0,0.14326647564469916
1459,695.0,0.17921146953405018
1460,695.0,0.17921146953405018
1462,695.0,0.17921146953405018
1463,695.0,0.17921146953405018
1464,695.0,0.17921146953405018
1465,696.0,0.14326647564469916
1467,696.0,0.14326647564469916
1468,696.0,0.14326647564469916
1469,696.0,0.14326647564469916
1470,696.0,0.14326647564469916
1472,696.0,0.14326647564469916
1473,696.0,0.14326647564469916
1474,696.0,0.14326647564469916
1476,695.0,0.17921146953405018
1477,695.0,0.17921146953405018
1478,695.0,0.17921146953405018
1479,695.0,0.17921146953405018
1481,695.0,0.17921146953405018
1482,695.0,0.17921146953405018
1483,696.0,0.14326647564469916
1484,695.0,0.17921146953405018
1486,696.0,0.14326647564469916
1487,696.0,0.14326647564469916
1488,696.0,0.14326647564469916
1490,696.0,0.14326647564469916
1491,696.0,0.14326647564469916
1492,696.0,0.14326647564469916
1494,695.0,0.17921146953405018
1496,696.0,0.14326647564469916
1497,695.0,0.17921146953405018
1498,695.0,0.17921146953405018
1499,695.0,0.17921146953405018
1501,696.0,0.14326647564469916
1502,695.0,0.17921146953405018
1503,695.0,0.17921146953405018
1505,696.0,0.14326647564469916
1506,695.0,0.17921146953405018
1507,696.0,0.14326647564469916
1508,696.0,0.14326647564469916
1510,695.0,0.17921146953405018
1511,696.0,0.14326647564469916
1512,696.0,0.14326647564469916
1513,696.0,0.14326647564469916
1515,696.0,0.14326647564469916
1516,695.0,0.17921146953405018
1517,695.0,0.17921146953405018
1519,695.0,0.17921146953405018
1520,695.0,0.17921146953405018
1521,696.0,0.14326647564469916
1522,696.0,0.14326647564469916
1524,696.0,0.14326647564469916
1525,696.0,0.14326647564469916
1526,696.0,0.14326647564469916
1527,696.0,0.14326647564469916
1529,696.0,0.14326647564469916
1530,695.0,0.17921146953405018
1531,695.0,0.17921146953405018
1533,695.0,0.17921146953405018
1534,696.0,0.14326647564469916
1536,696.0,0.14326647564469916
1537,696.0,0.14326647564469916
1539,695.0,0.17921146953405018
1540,696.0,0.14326647564469916
1541,695.0,0.17921146953405018
1542,696.0,0.14326647564469916
1544,696.0,0.14326647564469916
1545,695.0,0.17921146953405018
1546,696.0,0.14326647564469916
1548,696.0,0.14326647564469916
1549,695.0,0.17921146953405018
1550,696.0,0.14326647564469916
1551,695.0,0.17921146953405018
1553,696.0,0.14326647564469916
1554,695.0,0.17921146953405018
1555,695.0,0.17921146953405018
1556,696.0,0.14326647564469916
1558,696.0,0.14326647564469916
1559,695.0,0.17921146953405018
1560,695.0,0.17921146953405018
1562,695.0,0.17921146953405018
1563,696.0,0.14326647564469916
1564,696.0,0.14326647564469916
1565,695.0,0.17921146953405018
1567,696.0,0.14326647564469916
1568,696.0,0.14326647564469916
1569,695.0,0.17921146953405018
1570,696.0,0.14326647564469916
1572,696.0,0.14326647564469916
1573,695.0,0.17921146953405018
1574,696.0,0.14326647564469916
1576,695.0,0.17921146953405018
1577,695.0,0.17921146953405018
1579,696.0,0.14326647564469916
1580,695.0,0.17921146953405018
1582,695.0,0.17921146953405018
1583,695.0,0.17921146953405018
1584,695.0,0.17921146953405018
1585,696.0,0.14326647564469916
1587,696.0,0.14326647564469916
1588,696.0,0.14326647564469916
1589,696.0,0.14326647564469916
1591,696.0,0.14326647564469916
1592,695.0,0.17921146953405018
1593,696.0,0.14326647564469916
1594,696.0,0.14326647564469916
1596,695.0,0.17921146953405018
1597,696.0,0.14326647564469916
1598,695.0,0.17921146953405018
1599,696.0,0.14326647564469916
1601,695.0,0.17921146953405018
1602,695.0,0.17921146953405018
1603,695.0,0.17921146953405018
1605,695.0,0.17921146953405018
1606,695.0,0.17921146953405018
1607,696.0,0.14326647564469916
1608,696.0,0.14326647564469916
1610,696.0,0.14326647564469916
1611,695.0,0.17921146953405018
1612,695.0,0.17921146953405018
1613,695.0,0.17921146953405018
1615,696.0,0.14326647564469916
1616,695.0,0.17921146953405018
1617,696.0,0.14326647564469916
1619,695.0,0.17921146953405018
1620,695.0,0.17921146953405018
1622,696.0,0.14326647564469916
1623,695.0,0.17921146953405018
1625,695.0,0.17921146953405018
1626,696.0,0.14326647564469916
1627,696.0,0.14326647564469916
1628,695.0,0.17921146953405018
1630,696.0,0.14326647564469916
1631,695.0,0.17921146953405018
1632,695.0,0.17921146953405018
1634,696.0,0.14326647564469916
1635,696.0,0.14326647564469916
1636,695.0,0.17921146953405018
1637,696.0,0.14326647564469916
1639,696.0,0.14326647564469916
1640,695.0,0.17921146953405018
1641,696.0,0.14326647564469916
1642,695.0,0.17921146953405018
1644,695.0,0.17921146953405018
1645,696.0,0.14326647564469916
1646,696.0,0.14326647564469916
1648,696.0,0.14326647564469916
1649,695.0,0.17921146953405018
1650,696.0,0.14326647564469916
1651,695.0,0.17921146953405018
1653,695.0,0.17921146953405018
1654,695.0,0.17921146953405018
1655,695.0,0.17921146953405018
1656,695.0,0.17921146953405018
1658,695.0,0.17921146953405018
1659,695.0,0.17921146953405018
1660,695.0,0.17921146953405018
1662,695.0,0.17921146953405018
1664,695.0,0.17921146953405018
1665,696.0,0.14326647564469916
1666,696.0,0.14326647564469916
1668,696.0,0.14326647564469916
1669,696.0,0.14326647564469916
1670,696.0,0.14326647564469916
1671,696.0,0.14326647564469916
1673,695.0,0.17921146953405018
1674,695.0,0.17921146953405018
1675,696.0,0.14326647564469916
1677,695.0,0.17921146953405018
1678,696.0,0.14326647564469916
1679,696.0,0.14326647564469916
1680,695.0,0.17921146953405018
1682,696.0,0.14326647564469916
1683,695.0,0.17921146953405018
1684,696.0,0.14326647564469916
1685,696.0,0.14326647564469916
1687,695.0,0.17921146953405018
1688,696.0,0.14326647564469916
1689,696.0,0.14326647564469916
1691,695.0,0.17921146953405018
1692,696.0,0.14326647564469916
1693,695.0,0.17921146953405018
1694,696.0,0.14326647564469916
1696,695.0,0.17921146953405018
1697,696.0,0.14326647564469916
1698,695.0,0.17921146953405018
1699,696.0,0.14326647564469916
1701,696.0,0.14326647564469916
1702,695.0,0.17921146953405018
1703,695.0,0.17921146953405018
1705,695.0,0.17921146953405018
1707,696.0,0.14326647564469916
1708,696.0,0.14326647564469916
1709,695.0,0.17921146953405018
1711,696.0,0.14326647564469916
1712,695.0,0.17921146953405018
1713,695.0,0.17921146953405018
1714,696.0,0.14326647564469916
1716,696.0,0.14326647564469916
1717,695.0,0.17921146953405018
1718,695.0,0.17921146953405018
1720,695.0,0.17921146953405018
1721,695.0,0.17921146953405018
1722,696.0,0.14326647564469916
1723,695.0,0.17921146953405018
1725,695.0,0.17921146953405018
1726,695.0,0.17921146953405018
1727,696.0,0.14326647564469916
1728,696.0,0.14326647564469916
1730,696.0,0.14326647564469916
1731,695.0,0.17921146953405018
1732,696.0,0.14326647564469916
1734,695.0,0.17921146953405018
1735,696.0,0.14326647564469916
1736,696.0,0.14326647564469916
1737,695.0,0.17921146953405018
1739,695.0,0.17921146953405018
1740,695.0,0.17921146953405018
1741,695.0,0.17921146953405018
1742,695.0,0.17921146953405018
1744,696.0,0.14326647564469916
1745,696.0,0.14326647564469916
1746,695.0,0.17921146953405018
1748,696.0,0.14326647564469916
1750,696.0,0.14326647564469916
1751,695.0,0.17921146953405018
1752,696.0,0.14326647564469916
1754,695.0,0.17921146953405018
1755,695.0,0.17921146953405018
1756,696.0,0.14326647564469916
1757,696.0,0.14326647564469916
1759,696.0,0.14326647564469916
1760,695.0,0.17921146953405018
1761,696.0,0.14326647564469916
1763,695.0,0.17921146953405018
1764,695.0,0.17921146953405018
1765,696.0,0.14326647564469916
1766,695.0,0.17921146953405018
1768,695.0,0.17921146953405018
1769,696.0,0.14326647564469916
1770,695.0,0.17921146953405018
1771,696.0,0.14326647564469916
1773,696.0,0.14326647564469916
1774,696.0,0.14326647564469916
1775,695.0,0.17921146953405018
1777,696.0,0.14326647564469916
1778,696.0,0.14326647564469916
1779,696.0,0.14326647564469916
1780,695.0,0.17921146953405018
1782,695.0,0.17921146953405018
1783,696.0,0.14326647564469916
1784,696.0,0.14326647564469916
1785,696.0,0.14326647564469916
1787,695.0,0.17921146953405018
1788,696.0,0.14326647564469916
1789,696.0,0.14326647564469916
1792,696.0,0.14326647564469916
1793,696.0,0.14326647564469916
1794,695.0,0.17921146953405018
1795,695.0,0.17921146953405018
1797,696.0,0.14326647564469916
1798,696.0,0.14326647564469916
1799,696.0,0.14326647564469916
1800,696.0,0.14326647564469916
1802,695.0,0.17921146953405018
1803,696.0,0.14326647564469916
1804,696.0,0.14326647564469916
1806,696.0,0.14326647564469916
1807,696.0,0.14326647564469916
1808,696.0,0.14326647564469916
1809,695.0,0.17921146953405018
1811,695.0,0.17921146953405018
1812,695.0,0.17921146953405018
1813,695.0,0.17921146953405018
1814,696.0,0.14326647564469916
1816,695.0,0.17921146953405018
1817,696.0,0.14326647564469916
1818,696.0,0.14326647564469916
1820,695.0,0.17921146953405018
1821,696.0,0.14326647564469916
1822,696.0,0.14326647564469916
1823,695.0,0.17921146953405018
1825,696.0,0.14326647564469916
1826,696.0,0.14326647564469916
1827,695.0,0.17921146953405018
1828,695.0,0.17921146953405018
1830,696.0,0.14326647564469916
1831,695.0,0.17921146953405018
1832,695.0,0.17921146953405018
1835,696.0,0.14326647564469916
1836,695.0,0.17921146953405018
1837,695.0,0.17921146953405018
1838,696.0,0.14326647564469916
1840,696.0,0.14326647564469916
1841,695.0,0.17921146953405018
1842,695.0,0.17921146953405018
1843,696.0,0.14326647564469916
1845,696.0,0.14326647564469916
1846,696.0,0.14326647564469916
1847,696.0,0.14326647564469916
1849,696.0,0.14326647564469916
1850,695.0,0.17921146953405018
1851,696.0,0.14326647564469916
1852,696.0,0.14326647564469916
1854,695.0,0.17921146953405018
1855,696.0,0.14326647564469916
1856,696.0,0.14326647564469916
1857,695.0,0.17921146953405018
1859,696.0,0.14326647564469916
1860,696.0,0.14326647564469916
1861,695.0,0.17921146953405018
1863,696.0,0.14326647564469916
1864,695.0,0.17921146953405018
1865,696.0,0.14326647564469916
1866,696.0,0.14326647564469916
1868,696.0,0.14326647564469916
1869,696.0,0.14326647564469916
1870,695.0,0.17921146953405018
1871,695.0,0.17921146953405018
1873,695.0,0.17921146953405018
1874,696.0,0.14326647564469916
1875,696.0,0.14326647564469916
1878,695.0,0.17921146953405018
1879,695.0,0.17921146953405018
1880,696.0,0.14326647564469916
1881,695.0,0.17921146953405018
1883,695.0,0.17921146953405018
1884,695.0,0.17921146953405018
1885,696.0,0.14326647564469916
1886,696.0,0.14326647564469916
1888,696.0,0.14326647564469916
1889,696.0,0.14326647564469916
1890,695.0,0.17921146953405018
1892,695.0,0.17921146953405018
1893,695.0,0.17921146953405018
1894,695.0,0.17921146953405018
1895,695.0,0.17921146953405018
1897,695.0,0.17921146953405018
1898,695.0,0.17921146953405018
1899,695.0,0.17921146953405018
1900,695.0,0.17921146953405018
1902,695.0,0.17921146953405018
1903,696.0,0.14326647564469916
1904,696.0,0.14326647564469916
1906,695.0,0.17921146953405018
1907,696.0,0.14326647564469916
1908,696.0,0.14326647564469916
1909,695.0,0.17921146953405018
1911,696.0,0.14326647564469916
1912,696.0,0.14326647564469916
1913,695.0,0.17921146953405018
1914,696.0,0.14326647564469916
1916,695.0,0.17921146953405018
1917,695.0,0.17921146953405018
1918,695.0,0.17921146953405018
1921,695.0,0.17921146953405018
1922,696.0,0.14326647564469916
1923,695.0,0.17921146953405018
1924,696.0,0.14326647564469916
1926,696.0,0.14326647564469916
1927,695.0,0.17921146953405018
1928,696.0,0.14326647564469916
1929,695.0,0.17921146953405018
1931,695.0,0.17921146953405018
1932,695.0,0.17921146953405018
1933,696.0,0.14326647564469916
1935,695.0,0.17921146953405018
1936,695.0,0.17921146953405018
1937,696.0,0.14326647564469916
1938,696.0,0.14326647564469916
1940,695.0,0.17921146953405018
1941,695.0,0.17921146953405018
1942,695.0,0.17921146953405018
1943,695.0,0.17921146953405018
1945,696.0,0.14326647564469916
1946,695.0,0.17921146953405018
1947,695.0,0.17921146953405018
1949,695.0,0.17921146953405018
1950,696.0,0.14326647564469916
1951,696.0,0.14326647564469916
1952,696.0,0.14326647564469916
1954,695.0,0.17921146953405018
1955,695.0,0.17921146953405018
1956,695.0,0.17921146953405018
1957,695.0,0.17921146953405018
1959,696.0,0.14326647564469916
1960,695.0,0.17921146953405018
1961,696.0,0.14326647564469916
1964,695.0,0.17921146953405018
1965,695.0,0.17921146953405018
1966,696.0,0.14326647564469916
1967,696.0,0.14326647564469916
1969,695.0,0.17921146953405018
1970,696.0,0.14326647564469916
1971,695.0,0.17921146953405018
1972,695.0,0.17921146953405018
1974,695.0,0.17921146953405018
1975,695.0,0.17921146953405018
1976,695.0,0.17921146953405018
1978,695.0,0.17921146953405018
1979,696.0,0.14326647564469916
1980,695.0,0.17921146953405018
1981,695.0,0.17921146953405018
1983,695.0,0.17921146953405018
1984,695.0,0.17921146953405018
1985,696.0,0.14326647564469916
1986,696.0,0.14326647564469916
1988,696.0,0.14326647564469916
1989,695.0,0.17921146953405018
1990,695.0,0.17921146953405018
1992,695.0,0.17921146953405018
1993,696.0,0.14326647564469916
1994,696.0,0.14326647564469916
1995,696.0,0.14326647564469916
1997,695.0,0.17921146953405018
1998,696.0,0.14326647564469916
1999,695.0,0.17921146953405018
2000,695.0,0.17921146953405018
2002,695.0,0.17921146953405018
2003,695.0,0.17921146953405018
2004,695.0,0.17921146953405018
2007,696.0,0.14326647564469916
2008,696.0,0.14326647564469916
2009,695.0,0.17921146953405018
2010,695.0,0.17921146953405018
2012,695.0,0.17921146953405018
2013,695.0,0.17921146953405018
2014,695.0,0.17921146953405018
2015,695.0,0.17921146953405018
2017,695.0,0.17921146953405018
2018,696.0,0.14326647564469916
2019,696.0,0.14326647564469916
2021,695.0,0.17921146953405018
2022,695.0,0.17921146953405018
2023,695.0,0.17921146953405018
2024,696.0,0.14326647564469916
2026,695.0,0.17921146953405018
2027,696.0,0.14326647564469916
2028,696.0,0.14326647564469916
2029,696.0,0.14326647564469916
2031,696.0,0.14326647564469916
2032,696.0,0.14326647564469916
2033,695.0,0.17921146953405018
2035,696.0,0.14326647564469916
2036,696.0,0.14326647564469916
2037,695.0,0.17921146953405018
2038,695.0,0.17921146953405018
2040,696.0,0.14326647564469916
2041,695.0,0.17921146953405018
2042,695.0,0.17921146953405018
2043,695.0,0.17921146953405018
2045,696.0,0.14326647564469916
2046,696.0,0.14326647564469916
2048,696.0,0.14326647564469916
2050,696.0,0.14326647564469916
2051,695.0,0.17921146953405018
2052,696.0,0.14326647564469916
2053,695.0,0.17921146953405018
2055,695.0,0.17921146953405018
2056,696.0,0.14326647564469916
2057,695.0,0.17921146953405018
2058,695.0,0.17921146953405018
2060,696.0,0.14326647564469916
2061,695.0,0.17921146953405018
2062,695.0,0.17921146953405018
2064,695.0,0.17921146953405018
2065,696.0,0.14326647564469916
2066,696.0,0.14326647564469916
2067,696.0,0.14326647564469916
2069,696.0,0.14326647564469916
2070,696.0,0.14326647564469916
2071,695.0,0.17921146953405018
2072,695.0,0.17921146953405018
2074,696.0,0.14326647564469916
2075,695.0,0.17921146953405018
2076,695.0,0.17921146953405018
2078,695.0,0.17921146953405018
2079,695.0,0.17921146953405018
2080,695.0,0.17921146953405018
2081,696.0,0.14326647564469916
2083,695.0,0.17921146953405018
2084,695.0,0.17921146953405018
2085,696.0,0.14326647564469916
2086,696.0,0.14326647564469916
2088,696.0,0.14326647564469916
2089,695.0,0.17921146953405018
2091,695.0,0.17921146953405018
2093,696.0,0.14326647564469916
2094,696.0,0.14326647564469916
2095,695.0,0.17921146953405018
2096,695.0,0.17921146953405018
2098,695.0,0.17921146953405018
2099,696.0,0.14326647564469916
2100,695.0,0.17921146953405018
2101,695.0,0.17921146953405018
2103,695.0,0.17921146953405018
2104,696.0,0.14326647564469916
2105,695.0,0.17921146953405018
2107,695.0,0.17921146953405018
2108,696.0,0.14326647564469916
2109,696.0,0.14326647564469916
2110,696.0,0.14326647564469916
2112,695.0,0.17921146953405018
2113,696.0,0.14326647564469916
2114,695.0,0.17921146953405018
2115,696.0,0.14326647564469916
2117,695.0,0.17921146953405018
2118,696.0,0.14326647564469916
2119,695.0,0.17921146953405018
2121,695.0,0.17921146953405018
2122,695.0,0.17921146953405018
2123,695.0,0.17921146953405018
2124,696.0,0.14326647564469916
2126,696.0,0.14326647564469916
2127,696.0,0.14326647564469916
2128,696.0,0.14326647564469916
2129,696.0,0.14326647564469916
2131,696.0,0.14326647564469916
2132,696.0,0.14326647564469916
2134,695.0,0.17921146953405018
2136,695.0,0.17921146953405018
2137,696.0,0.14326647564469916
2138,696.0,0.14326647564469916
2139,695.0,0.17921146953405018
2141,695.0,0.17921146953405018
2142,695.0,0.17921146953405018
2143,695.0,0.17921146953405018
2144,695.0,0.17921146953405018
2146,696.0,0.14326647564469916
2147,696.0,0.14326647564469916
2148,696.0,0.14326647564469916
2150,696.0,0.14326647564469916
2151,696.0,0.14326647564469916
2152,696.0,0.14326647564469916
2153,695.0,0.17921146953405018
2155,695.0,0.17921146953405018
2156,696.0,0.14326647564469916
2157,695.0,0.17921146953405018
2158,695.0,0.17921146953405018
2160,695.0,0.17921146953405018
2161,695.0,0.17921146953405018
2162,695.0,0.17921146953405018
2164,696.0,0.14326647564469916
2165,696.0,0.14326647564469916
2166,696.0,0.14326647564469916
2167,696.0,0.14326647564469916
2169,696.0,0.14326647564469916
2170,695.0,0.17921146953405018
2171,695.0,0.17921146953405018
2172,695.0,0.17921146953405018
2174,695.0,0.17921146953405018
2176,695.0,0.17921146953405018
2177,695.0,0.17921146953405018
2179,696.0,0.14326647564469916
2180,695.0,0.17921146953405018
2181,695.0,0.17921146953405018
2182,696.0,0.14326647564469916
2184,695.0,0.17921146953405018
2185,696.0,0.14326647564469916
2186,696.0,0.14326647564469916
2187,696.0,0.14326647564469916
2189,695.0,0.17921146953405018
2190,696.0,0.14326647564469916
2191,697.0,0.1073729420186113
2193,696.0,0.14326647564469916
2194,696.0,0.14326647564469916
2195,696.0,0.14326647564469916
2196,695.0,0.17921146953405018
2198,695.0,0.17921146953405018
2199,695.0,0.17921146953405018
2200,695.0,0.17921146953405018
2201,695.0,0.17921146953405018
2203,696.0,0.14326647564469916
2204,695.0,0.17921146953405018
2205,695.0,0.17921146953405018
2207,696.0,0.14326647564469916
2208,696.0,0.14326647564469916
2209,695.0,0.17921146953405018
2210,695.0,0.17921146953405018
2212,695.0,0.17921146953405018
2213,696.0,0.14326647564469916
2214,696.0,0.14326647564469916
2215,696.0,0.14326647564469916
2217,695.0,0.17921146953405018
2219,695.0,0.17921146953405018
2220,695.0,0.17921146953405018
2222,695.0,0.17921146953405018
2223,695.0,0.17921146953405018
2224,696.0,0.14326647564469916
2225,695.0,0.17921146953405018
2227,696.0,0.14326647564469916
2228,696.0,0.14326647564469916
2229,695.0,0.17921146953405018
2230,695.0,0.17921146953405018
2232,696.0,0.14326647564469916
2233,695.0,0.17921146953405018
2234,695.0,0.17921146953405018
2236,696.0,0.14326647564469916
2237,696.0,0.14326647564469916
2238,695.0,0.17921146953405018
2239,695.0,0.17921146953405018
2241,695.0,0.17921146953405018
2242,695.0,0.17921146953405018
2243,696.0,0.14326647564469916
2244,696.0,0.14326647564469916
2246,695.0,0.17921146953405018
2247,695.0,0.17921146953405018
2248,695.0,0.17921146953405018
2250,695.0,0.17921146953405018
2251,696.0,0.14326647564469916
2252,695.0,0.17921146953405018
2253,695.0,0.17921146953405018
2255,695.0,0.17921146953405018
2256,696.0,0.14326647564469916
2257,695.0,0.17921146953405018
2258,695.0,0.17921146953405018
2260,695.0,0.17921146953405018
2262,695.0,0.17921146953405018
2263,696.0,0.14326647564469916
2265,696.0,0.14326647564469916
2266,695.0,0.17921146953405018
2267,695.0,0.17921146953405018
2268,696.0,0.14326647564469916
2270,696.0,0.14326647564469916
2271,696.0,0.14326647564469916
2272,696.0,0.14326647564469916
2273,695.0,0.17921146953405018
2275,695.0,0.17921146953405018
2276,696.0,0.14326647564469916
2277,695.0,0.17921146953405018
2279,695.0,0.17921146953405018
2280,696.0,0.14326647564469916
2281,695.0,0.17921146953405018
2282,695.0,0.17921146953405018
2284,696.0,0.14326647564469916
2285,696.0,0.14326647564469916
2286,695.0,0.17921146953405018
2287,695.0,0.17921146953405018
2289,696.0,0.14326647564469916
2290,695.0,0.17921146953405018
2291,695.0,0.17921146953405018
2293,695.0,0.17921146953405018
2294,695.0,0.17921146953405018
2295,696.0,0.14326647564469916
2296,695.0,0.17921146953405018
2298,695.0,0.17921146953405018
2299,696.0,0.14326647564469916
2300,695.0,0.17921146953405018
2301,695.0,0.17921146953405018
2304,695.0,0.17921146953405018
2305,696.0,0.14326647564469916
2306,695.0,0.17921146953405018
2308,695.0,0.17921146953405018
2309,695.0,0.17921146953405018
2310,695.0,0.17921146953405018
2311,695.0,0.17921146953405018
2313,695.0,0.17921146953405018
2314,696.0,0.14326647564469916
2315,696.0,0.14326647564469916
2316,695.0,0.17921146953405018
2318,695.0,0.17921146953405018
2319,695.0,0.17921146953405018
2320,695.0,0.17921146953405018
2322,695.0,0.17921146953405018
2323,696.0,0.14326647564469916
2324,695.0,0.17921146953405018
2325,696.0,0.14326647564469916
2327,695.0,0.17921146953405018
2328,695.0,0.17921146953405018
2329,696.0,0.14326647564469916
2330,695.0,0.17921146953405018
2332,696.0,0.14326647564469916
2333,696.0,0.14326647564469916
2334,696.0,0.14326647564469916
2336,695.0,0.17921146953405018
2337,695.0,0.17921146953405018
2338,696.0,0.14326647564469916
2339,696.0,0.14326647564469916
2341,695.0,0.17921146953405018
2342,696.0,0.14326647564469916
2343,696.0,0.14326647564469916
2344,695.0,0.17921146953405018
2347,695.0,0.17921146953405018
2348,696.0,0.14326647564469916
2349,695.0,0.17921146953405018
2351,695.0,0.17921146953405018
2352,696.0,0.14326647564469916
2353,696.0,0.14326647564469916
2354,695.0,0.17921146953405018
2356,696.0,0.14326647564469916
2357,695.0,0.17921146953405018
2358,695.0,0.17921146953405018
2359,696.0,0.14326647564469916
2361,695.0,0.17921146953405018
2362,695.0,0.17921146953405018
2363,695.0,0.17921146953405018
2365,695.0,0.17921146953405018
2366,696.0,0.14326647564469916
2367,695.0,0.17921146953405018
2368,696.0,0.14326647564469916
2370,696.0,0.14326647564469916
2371,696.0,0.14326647564469916
2372,696.0,0.14326647564469916
2373,696.0,0.14326647564469916
2375,696.0,0.14326647564469916
2376,696.0,0.14326647564469916
2377,696.0,0.14326647564469916
2379,696.0,0.14326647564469916
2380,695.0,0.17921146953405018
2381,695.0,0.17921146953405018
2382,696.0,0.14326647564469916
2384,695.0,0.17921146953405018
2385,695.0,0.17921146953405018
2386,696.0,0.14326647564469916
2387,696.0,0.14326647564469916
2390,696.0,0.14326647564469916
2391,696.0,0.14326647564469916
2392,695.0,0.17921146953405018
2394,695.0,0.17921146953405018
2395,695.0,0.17921146953405018
2396,695.0,0.17921146953405018
2397,695.0,0.17921146953405018
2399,695.0,0.17921146953405018
2400,695.0,0.17921146953405018
2401,695.0,0.17921146953405018
2402,695.0,0.17921146953405018
2404,696.0,0.14326647564469916
2405,695.0,0.17921146953405018
2406,696.0,0.14326647564469916
2408,696.0,0.14326647564469916
2409,696.0,0.14326647564469916
2410,696.0,0.14326647564469916
2411,695.0,0.17921146953405018
2413,695.0,0.17921146953405018
2414,695.0,0.17921146953405018
2415,695.0,0.17921146953405018
2416,695.0,0.17921146953405018
2418,696.0,0.14326647564469916
2419,695.0,0.17921146953405018
2420,695.0,0.17921146953405018
2422,695.0,0.17921146953405018
2423,696.0,0.14326647564469916
2424,695.0,0.17921146953405018
2425,696.0,0.14326647564469916
2427,695.0,0.17921146953405018
2428,695.0,0.17921146953405018
2429,695.0,0.17921146953405018
2430,695.0,0.17921146953405018
2433,696.0,0.14326647564469916
2434,695.0,0.17921146953405018
2435,695.0,0.17921146953405018
2437,696.0,0.14326647564469916
2438,696.0,0.14326647564469916
2439,696.0,0.14326647564469916
2440,695.0,0.17921146953405018
2442,695.0,0.17921146953405018
2443,695.0,0.17921146953405018
2444,695.0,0.17921146953405018
2446,696.0,0.14326647564469916
2447,696.0,0.14326647564469916
2448,695.0,0.17921146953405018
2449,696.0,0.14326647564469916
2451,696.0,0.14326647564469916
2452,695.0,0.17921146953405018
2453,695.0,0.17921146953405018
2454,696.0,0.14326647564469916
2456,695.0,0.17921146953405018
2457,695.0,0.17921146953405018
2458,696.0,0.14326647564469916
2460,695.0,0.17921146953405018
2461,696.0,0.14326647564469916
2462,695.0,0.17921146953405018
2463,695.0,0.17921146953405018
2465,696.0,0.14326647564469916
2466,696.0,0.14326647564469916
2467,696.0,0.14326647564469916
2468,696.0,0.14326647564469916
2470,696.0,0.14326647564469916
2471,696.0,0.14326647564469916
2472,696.0,0.14326647564469916
2475,695.0,0.17921146953405018
2476,696.0,0.14326647564469916
2477,696.0,0.14326647564469916
2478,696.0,0.14326647564469916
2480,695.0,0.17921146953405018
2481,696.0,0.14326647564469916
2482,696.0,0.14326647564469916
2483,696.0,0.14326647564469916
2485,696.0,0.14326647564469916
2486,696.0,0.14326647564469916
2487,695.0,0.17921146953405018
2489,695.0,0.17921146953405018
2490,696.0,0.14326647564469916
2491,696.0,0.14326647564469916
2492,696.0,0.14326647564469916
2494,695.0,0.17921146953405018
2495,696.0,0.14326647564469916
2496,696.0,0.14326647564469916
2497,696.0,0.14326647564469916
2499,696.0,0.14326647564469916
2500,695.0,0.17921146953405018
2501,696.0,0.14326647564469916
2503,695.0,0.17921146953405018
2504,695.0,0.17921146953405018
2505,696.0,0.14326647564469916
2506,695.0,0.17921146953405018
2508,695.0,0.17921146953405018
2509,696.0,0.14326647564469916
2510,696.0,0.14326647564469916
2511,696.0,0.14326647564469916
2513,696.0,0.14326647564469916
2514,695.0,0.17921146953405018
2515,695.0,0.17921146953405018
2518,696.0,0.14326647564469916
2519,696.0,0.14326647564469916
2520,696.0,0.14326647564469916
2521,695.0,0.17921146953405018
2523,696.0,0.14326647564469916
2524,695.0,0.17921146953405018
2525,696.0,0.14326647564469916
2526,696.0,0.14326647564469916
2528,696.0,0.14326647564469916
2529,696.0,0.14326647564469916
2530,696.0,0.14326647564469916
2532,696.0,0.14326647564469916
2533,695.0,0.17921146953405018
2534,695.0,0.17921146953405018
2535,696.0,0.14326647564469916
2537,695.0,0.17921146953405018
2538,696.0,0.14326647564469916
2539,695.0,0.17921146953405018
2540,695.0,0.17921146953405018
2542,696.0,0.14326647564469916
2543,696.0,0.14326647564469916
2544,695.0,0.17921146953405018
2546,695.0,0.17921146953405018
2547,696.0,0.14326647564469916
2548,696.0,0.14326647564469916
2549,696.0,0.14326647564469916
2551,696.0,0.14326647564469916
2552,696.0,0.14326647564469916
2553,695.0,0.17921146953405018
2554,696.0,0.14326647564469916
2556,696.0,0.14326647564469916
2557,695.0,0.17921146953405018
2558,696.0,0.14326647564469916
2561,695.0,0.17921146953405018
2562,695.0,0.17921146953405018
2563,695.0,0.17921146953405018
2564,695.0,0.17921146953405018
2566,695.0,0.17921146953405018
2567,695.0,0.17921146953405018
2568,695.0,0.17921146953405018
2569,695.0,0.17921146953405018
2571,695.0,0.17921146953405018
2572,695.0,0.17921146953405018
2573,695.0,0.17921146953405018
2575,695.0,0.17921146953405018
2576,695.0,0.17921146953405018
2577,695.0,0.17921146953405018
2578,695.0,0.17921146953405018
2580,696.0,0.14326647564469916
2581,695.0,0.17921146953405018
2582,695.0,0.17921146953405018
2583,695.0,0.17921146953405018
2585,695.0,0.17921146953405018
2586,696.0,0.14326647564469916
2587,695.0,0.17921146953405018
2589,695.0,0.17921146953405018
2590,696.0,0.14326647564469916
2591,696.0,0.14326647564469916
2592,695.0,0.17921146953405018
2594,696.0,0.14326647564469916
2595,696.0,0.14326647564469916
2596,695.0,0.17921146953405018
2597,695.0,0.17921146953405018
2599,696.0,0.14326647564469916
2600,696.0,0.14326647564469916
2601,695.0,0.17921146953405018
2604,695.0,0.17921146953405018
2605,695.0,0.17921146953405018
2606,695.0,0.17921146953405018
2607,696.0,0.14326647564469916
2609,696.0,0.14326647564469916
2610,696.0,0.14326647564469916
2611,695.0,0.17921146953405018
2613,696.0,0.14326647564469916
2614,695.0,0.17921146953405018
2615,695.0,0.17921146953405018
2616,696.0,0.14326647564469916
2618,696.0,0.14326647564469916
2619,696.0,0.14326647564469916
2620,695.0,0.17921146953405018
2621,695.0,0.17921146953405018
2623,696.0,0.14326647564469916
2624,696.0,0.14326647564469916
2625,696.0,0.14326647564469916
2627,696.0,0.14326647564469916
2628,695.0,0.17921146953405018
2629,696.0,0.14326647564469916
2630,696.0,0.14326647564469916
2632,695.0,0.17921146953405018
2633,695.0,0.17921146953405018
2634,695.0,0.17921146953405018
2635,695.0,0.17921146953405018
2637,696.0,0.14326647564469916
2638,696.0,0.14326647564469916
2639,695.0,0.17921146953405018
2641,695.0,0.17921146953405018
2642,695.0,0.17921146953405018
2643,696.0,0.14326647564469916
2644,696.0,0.14326647564469916
2647,695.0,0.17921146953405018
2648,695.0,0.17921146953405018
2649,696.0,0.14326647564469916
2650,695.0,0.17921146953405018
2652,695.0,0.17921146953405018
2653,696.0,0.14326647564469916
2654,695.0,0.17921146953405018
2656,695.0,0.17921146953405018
2657,695.0,0.17921146953405018
2658,696.0,0.14326647564469916
2659,696.0,0.14326647564469916
2661,696.0,0.14326647564469916
2662,695.0,0.17921146953405018
2663,695.0,0.17921146953405018
2664,696.0,0.14326647564469916
2666,696.0,0.14326647564469916
2667,696.0,0.14326647564469916
2668,695.0,0.17921146953405018
2670,696.0,0.14326647564469916
2671,695.0,0.17921146953405018
2672,695.0,0.17921146953405018
2673,696.0,0.14326647564469916
2675,695.0,0.17921146953405018
2676,695.0,0.17921146953405018
2677,695.0,0.17921146953405018
2678,695.0,0.17921146953405018
2680,696.0,0.14326647564469916
2681,696.0,0.14326647564469916
2682,695.0,0.17921146953405018
2684,695.0,0.17921146953405018
2685,696.0,0.14326647564469916
2686,696.0,0.14326647564469916
2688,696.0,0.14326647564469916
2690,696.0,0.14326647564469916
2691,695.0,0.17921146953405018
2692,695.0,0.17921146953405018
2693,695.0,0.17921146953405018
2695,696.0,0.14326647564469916
2696,695.0,0.17921146953405018
2697,695.0,0.17921146953405018
2699,696.0,0.14326647564469916
2700,696.0,0.14326647564469916
2701,695.0,0.17921146953405018
2702,695.0,0.17921146953405018
2704,695.0,0.17921146953405018
2705,695.0,0.17921146953405018
2706,696.0,0.14326647564469916
2707,696.0,0.14326647564469916
2709,695.0,0.17921146953405018
2710,695.0,0.17921146953405018
2711,695.0,0.17921146953405018
2713,696.0,0.14326647564469916
2714,695.0,0.17921146953405018
2715,696.0,0.14326647564469916
2716,696.0,0.14326647564469916
2718,696.0,0.14326647564469916
2719,696.0,0.14326647564469916
2720,695.0,0.17921146953405018
2721,695.0,0.17921146953405018
2723,696.0,0.14326647564469916
2724,695.0,0.17921146953405018
2725,695.0,0.17921146953405018
2727,696.0,0.14326647564469916
2728,695.0,0.17921146953405018
2729,696.0,0.14326647564469916
2731,695.0,0.17921146953405018
2733,696.0,0.14326647564469916
2734,695.0,0.17921146953405018
2735,695.0,0.17921146953405018
2736,695.0,0.17921146953405018
2738,696.0,0.14326647564469916
2739,695.0,0.17921146953405018
2740,695.0,0.17921146953405018
2742,696.0,0.14326647564469916
2743,696.0,0.14326647564469916
2744,696.0,0.14326647564469916
2745,696.0,0.14326647564469916
2747,696.0,0.14326647564469916
2748,696.0,0.14326647564469916
2749,696.0,0.14326647564469916
2750,696.0,0.14326647564469916
2752,695.0,0.17921146953405018
2753,696.0,0.14326647564469916
2754,696.0,0.14326647564469916
2756,696.0,0.14326647564469916
2757,696.0,0.14326647564469916
2758,696.0,0.14326647564469916
2759,696.0,0.14326647564469916
2761,695.0,0.17921146953405018
2762,695.0,0.17921146953405018
2763,696.0,0.14326647564469916
2764,695.0,0.17921146953405018
2766,695.0,0.17921146953405018
2767,696.0,0.14326647564469916
2768,696.0,0.14326647564469916
2770,696.0,0.14326647564469916
2771,696.0,0.14326647564469916
2772,696.0,0.14326647564469916
2774,695.0,0.17921146953405018
2776,696.0,0.14326647564469916
2777,696.0,0.14326647564469916
2778,695.0,0.17921146953405018
2779,695.0,0.17921146953405018
2781,695.0,0.17921146953405018
2782,695.0,0.17921146953405018
2783,695.0,0.17921146953405018
2785,696.0,0.14326647564469916
2786,695.0,0.17921146953405018
2787,695.0,0.17921146953405018
2788,696.0,0.14326647564469916
2790,696.0,0.14326647564469916
2791,695.0,0.17921146953405018
2792,696.0,0.14326647564469916
2793,695.0,0.17921146953405018
2795,695.0,0.17921146953405018
2796,695.0,0.17921146953405018
2797,695.0,0.17921146953405018
2799,695.0,0.17921146953405018
2800,695.0,0.17921146953405018
2801,696.0,0.14326647564469916
2802,695.0,0.17921146953405018
2804,696.0,0.14326647564469916
2805,696.0,0.14326647564469916
2806,696.0,0.14326647564469916
2807,695.0,0.17921146953405018
2809,696.0,0.14326647564469916
2810,695.0,0.17921146953405018
2811,695.0,0.17921146953405018
2813,696.0,0.14326647564469916
2814,696.0,0.14326647564469916
2816,696.0,0.14326647564469916
2817,695.0,0.17921146953405018
2819,696.0,0.14326647564469916
2820,695.0,0.17921146953405018
2821,695.0,0.17921146953405018
2822,695.0,0.17921146953405018
2824,696.0,0.14326647564469916
2825,696.0,0.14326647564469916
2826,696.0,0.14326647564469916
2828,696.0,0.14326647564469916
2829,696.0,0.14326647564469916
2830,695.0,0.17921146953405018
2831,696.0,0.14326647564469916
2833,695.0,0.17921146953405018
2834,695.0,0.17921146953405018
2835,695.0,0.17921146953405018
2836,695.0,0.17921146953405018
2838,695.0,0.17921146953405018
2839,695.0,0.17921146953405018
2840,695.0,0.17921146953405018
2842,695.0,0.17921146953405018
2843,695.0,0.17921146953405018
2844,695.0,0.17921146953405018
2845,696.0,0.14326647564469916
2847,696.0,0.14326647564469916
2848,696.0,0.14326647564469916
2849,695.0,0.17921146953405018
2850,696.0,0.14326647564469916
2852,695.0,0.17921146953405018
2853,695.0,0.17921146953405018
2854,695.0,0.17921146953405018
2856,695.0,0.17921146953405018
2857,695.0,0.17921146953405018
2859,696.0,0.14326647564469916
2860,695.0,0.17921146953405018
2862,695.0,0.17921146953405018
2863,695.0,0.17921146953405018
2864,695.0,0.17921146953405018
2865,695.0,0.17921146953405018
2867,696.0,0.14326647564469916
2868,696.0,0.14326647564469916
2869,696.0,0.14326647564469916
2871,696.0,0.14326647564469916
2872,695.0,0.17921146953405018
2873,695.0,0.17921146953405018
2874,695.0,0.17921146953405018
2876,695.0,0.17921146953405018
2877,696.0,0.14326647564469916
2878,696.0,0.14326647564469916
2879,695.0,0.17921146953405018
2881,696.0,0.14326647564469916
2882,696.0,0.14326647564469916
2883,696.0,0.14326647564469916
2885,695.0,0.17921146953405018
2886,696.0,0.14326647564469916
2887,695.0,0.17921146953405018
2888,696.0,0.14326647564469916
2890,696.0,0.14326647564469916
2891,695.0,0.17921146953405018
2892,695.0,0.17921146953405018
2893,695.0,0.17921146953405018
2895,695.0,0.17921146953405018
2896,695.0,0.17921146953405018
2897,695.0,0.17921146953405018
2899,695.0,0.17921146953405018
2900,695.0,0.17921146953405018
2902,695.0,0.17921146953405018
2903,696.0,0.14326647564469916
2905,695.0,0.17921146953405018
2906,695.0,0.17921146953405018
2907,696.0,0.14326647564469916
2908,696.0,0.14326647564469916
2910,696.0,0.14326647564469916
2911,696.0,0.14326647564469916
2912,695.0,0.17921146953405018
2914,695.0,0.17921146953405018
2915,695.0,0.17921146953405018
2916,695.0,0.17921146953405018
2917,695.0,0.17921146953405018
2919,695.0,0.17921146953405018
2920,695.0,0.17921146953405018
2921,695.0,0.17921146953405018
2922,695.0,0.17921146953405018
2924,696.0,0.14326647564469916
2925,695.0,0.17921146953405018
2926,696.0,0.14326647564469916
2928,695.0,0.17921146953405018
2929,696.0,0.14326647564469916
2930,696.0,0.14326647564469916
2931,696.0,0.14326647564469916
2933,695.0,0.17921146953405018
2934,696.0,0.14326647564469916
2935,696.0,0.14326647564469916
2936,695.0,0.17921146953405018
2938,695.0,0.17921146953405018
2939,695.0,0.17921146953405018
2940,695.0,0.17921146953405018
2942,695.0,0.17921146953405018
2944,696.0,0.14326647564469916
2945,695.0,0.17921146953405018
2946,695.0,0.17921146953405018
2948,695.0,0.17921146953405018
2949,695.0,0.17921146953405018
2950,695.0,0.17921146953405018
2951,695.0,0.17921146953405018
2953,696.0,0.14326647564469916
2954,695.0,0.17921146953405018
2955,695.0,0.17921146953405018
2957,695.0,0.17921146953405018
2958,695.0,0.17921146953405018
2959,695.0,0.17921146953405018
2960,696.0,0.14326647564469916
2962,695.0,0.17921146953405018
2963,696.0,0.14326647564469916
2964,696.0,0.14326647564469916
2965,695.0,0.17921146953405018
2967,695.0,0.17921146953405018
2968,696.0,0.14326647564469916
2969,696.0,0.14326647564469916
2971,696.0,0.14326647564469916
2972,696.0,0.14326647564469916
2973,696.0,0.14326647564469916
2974,695.0,0.17921146953405018
2976,695.0,0.17921146953405018
2977,695.0,0.17921146953405018
2978,695.0,0.17921146953405018
2979,696.0,0.14326647564469916
2981,695.0,0.17921146953405018
2982,695.0,0.17921146953405018
2983,695.0,0.17921146953405018
2985,696.0,0.14326647564469916
2987,696.0,0.14326647564469916
2988,695.0,0.17921146953405018
2989,696.0,0.14326647564469916
2991,696.0,0.14326647564469916
2992,695.0,0.17921146953405018
2993,696.0,0.14326647564469916
2994,696.0,0.14326647564469916
2996,696.0,0.14326647564469916
2997,696.0,0.14326647564469916
2998,696.0,0.14326647564469916
3000,696.0,0.14326647564469916
3001,696.0,0.14326647564469916
3002,695.0,0.17921146953405018
3003,695.0,0.17921146953405018
3005,695.0,0.17921146953405018
3006,696.0,0.14326647564469916
3007,696.0,0.14326647564469916
3008,696.0,0.14326647564469916
3010,695.0,0.17921146953405018
3011,696.0,0.14326647564469916
3012,695.0,0.17921146953405018
3014,695.0,0.17921146953405018
3015,696.0,0.14326647564469916
3016,695.0,0.17921146953405018
3017,696.0,0.14326647564469916
3019,695.0,0.17921146953405018
3020,695.0,0.17921146953405018
3021,695.0,0.17921146953405018
3022,695.0,0.17921146953405018
3024,695.0,0.17921146953405018
3025,695.0,0.17921146953405018
3026,696.0,0.14326647564469916
3028,696.0,0.14326647564469916
3030,696.0,0.14326647564469916
3031,695.0,0.17921146953405018
3032,696.0,0.14326647564469916
3034,696.0,0.14326647564469916
3035,695.0,0.17921146953405018
3036,695.0,0.17921146953405018
3037,695.0,0.17921146953405018
3039,695.0,0.17921146953405018
3040,696.0,0.14326647564469916
3041,696.0,0.14326647564469916
3043,695.0,0.17921146953405018
3044,695.0,0.17921146953405018
3045,696.0,0.14326647564469916
3046,696.0,0.14326647564469916
3048,696.0,0.14326647564469916
3049,696.0,0.14326647564469916
3050,696.0,0.14326647564469916
3051,695.0,0.17921146953405018
3053,695.0,0.17921146953405018
3054,696.0,0.14326647564469916
3055,695.0,0.17921146953405018
3057,696.0,0.14326647564469916
3058,696.0,0.14326647564469916
3059,696.0,0.14326647564469916
3060,695.0,0.17921146953405018
3062,696.0,0.14326647564469916
3063,695.0,0.17921146953405018
3064,695.0,0.17921146953405018
3065,696.0,0.14326647564469916
3067,696.0,0.14326647564469916
3068,695.0,0.17921146953405018
3069,695.0,0.17921146953405018
3072,695.0,0.17921146953405018
3073,695.0,0.17921146953405018
3074,696.0,0.14326647564469916
3075,695.0,0.17921146953405018
3077,695.0,0.17921146953405018
3078,695.0,0.17921146953405018
3079,696.0,0.14326647564469916
3080,695.0,0.17921146953405018
3082,696.0,0.14326647564469916
3083,695.0,0.17921146953405018
3084,695.0,0.17921146953405018
3086,695.0,0.17921146953405018
3087,696.0,0.14326647564469916
3088,696.0,0.14326647564469916
3089,695.0,0.17921146953405018
3091,696.0,0.14326647564469916
3092,696.0,0.14326647564469916
3093,696.0,0.14326647564469916
3095,695.0,0.17921146953405018
3096,696.0,0.14326647564469916
3097,695.0,0.17921146953405018
3098,695.0,0.17921146953405018
3100,696.0,0.14326647564469916
3101,695.0,0.17921146953405018
3102,695.0,0.17921146953405018
3103,695.0,0.17921146953405018
3105,695.0,0.17921146953405018
3106,695.0,0.17921146953405018
3107,696.0,0.14326647564469916
3109,696.0,0.14326647564469916
3110,696.0,0.14326647564469916
3111,696.0,0.14326647564469916
3112,695.0,0.17921146953405018
3115,695.0,0.17921146953405018
3116,695.0,0.17921146953405018
3117,695.0,0.17921146953405018
3119,695.0,0.17921146953405018
3120,695.0,0.17921146953405018
3121,696.0,0.14326647564469916
3122,696.0,0.14326647564469916
3124,695.0,0.17921146953405018
3125,696.0,0.14326647564469916
3126,695.0,0.17921146953405018
3127,695.0,0.17921146953405018
3129,696.0,0.14326647564469916
3130,696.0,0.14326647564469916
3131,696.0,0.14326647564469916
3133,695.0,0.17921146953405018
3134,696.0,0.14326647564469916
3135,695.0,0.17921146953405018
3136,695.0,0.17921146953405018
3138,695.0,0.17921146953405018
3139,695.0,0.17921146953405018
3140,695.0,0.17921146953405018
3141,695.0,0.17921146953405018
3143,695.0,0.17921146953405018
3144,696.0,0.14326647564469916
3145,695.0,0.17921146953405018
3147,696.0,0.14326647564469916
3148,696.0,0.14326647564469916
3149,695.0,0.17921146953405018
3150,695.0,0.17921146953405018
3152,695.0,0.17921146953405018
3153,695.0,0.17921146953405018
3154,695.0,0.17921146953405018
3156,695.0,0.17921146953405018
3158,695.0,0.17921146953405018
3159,695.0,0.17921146953405018
3160,695.0,0.17921146953405018
3162,695.0,0.17921146953405018
3163,695.0,0.17921146953405018
3164,695.0,0.17921146953405018
3165,695.0,0.17921146953405018
3167,695.0,0.17921146953405018
3168,695.0,0.17921146953405018
3169,696.0,0.14326647564469916
3171,695.0,0.17921146953405018
3172,695.0,0.17921146953405018
3173,696.0,0.14326647564469916
3174,695.0,0.17921146953405018
3176,695.0,0.17921146953405018
3177,695.0,0.17921146953405018
3178,695.0,0.17921146953405018
3180,695.0,0.17921146953405018
3181,695.0,0.17921146953405018
3182,695.0,0.17921146953405018
3183,695.0,0.17921146953405018
3185,696.0,0.14326647564469916
3186,696.0,0.14326647564469916
3187,695.0,0.17921146953405018
3189,696.0,0.14326647564469916
3190,696.0,0.14326647564469916
3191,695.0,0.17921146953405018
3192,695.0,0.17921146953405018
3194,695.0,0.17921146953405018
3195,695.0,0.17921146953405018
3196,695.0,0.17921146953405018
3198,696.0,0.14326647564469916
3200,696.0,0.14326647564469916
3201,696.0,0.14326647564469916
3202,695.0,0.17921146953405018
3204,696.0,0.14326647564469916
3205,695.0,0.17921146953405018
3206,696.0,0.14326647564469916
3207,696.0,0.14326647564469916
3209,696.0,0.14326647564469916
3210,696.0,0.14326647564469916
3211,696.0,0.14326647564469916
3213,695.0,0.17921146953405018
3214,696.0,0.14326647564469916
3215,696.0,0.14326647564469916
3216,695.0,0.17921146953405018
3218,696.0,0.14326647564469916
3219,696.0,0.14326647564469916
3220,695.0,0.17921146953405018
3221,696.0,0.14326647564469916
3223,695.0,0.17921146953405018
3224,696.0,0.14326647564469916
3225,695.0,0.17921146953405018
3227,696.0,0.14326647564469916
3228,695.0,0.17921146953405018
3229,695.0,0.17921146953405018
3230,695.0,0.17921146953405018
3232,695.0,0.17921146953405018
3233,696.0,0.14326647564469916
3234,696.0,0.14326647564469916
3235,695.0,0.17921146953405018
3237,696.0,0.14326647564469916
3238,696.0,0.14326647564469916
3239,696.0,0.14326647564469916
3241,695.0,0.17921146953405018
3243,696.0,0.14326647564469916
3244,695.0,0.17921146953405018
3245,695.0,0.17921146953405018
3247,695.0,0.17921146953405018
3248,696.0,0.14326647564469916
3249,696.0,0.14326647564469916
3250,696.0,0.14326647564469916
3252,695.0,0.17921146953405018
3253,696.0,0.14326647564469916
3254,696.0,0.14326647564469916
3256,695.0,0.17921146953405018
3257,696.0,0.14326647564469916
3258,696.0,0.14326647564469916
3259,695.0,0.17921146953405018
3261,696.0,0.14326647564469916
3262,695.0,0.17921146953405018
3263,695.0,0.17921146953405018
3264,695.0,0.17921146953405018
3266,696.0,0.14326647564469916
3267,696.0,0.14326647564469916
3268,696.0,0.14326647564469916
3270,696.0,0.14326647564469916
3271,696.0,0.14326647564469916
3272,695.0,0.17921146953405018
3273,696.0,0.14326647564469916
3275,696.0,0.14326647564469916
3276,695.0,0.17921146953405018
3277,695.0,0.17921146953405018
3279,696.0,0.14326647564469916
3280,696.0,0.14326647564469916
3281,696.0,0.14326647564469916
3282,695.0,0.17921146953405018
3284,696.0,0.14326647564469916
3286,695.0,0.17921146953405018
3287,696.0,0.14326647564469916
3288,696.0,0.14326647564469916
3290,695.0,0.17921146953405018
3291,696.0,0.14326647564469916
3292,695.0,0.17921146953405018
3294,695.0,0.17921146953405018
3295,696.0,0.14326647564469916
3296,696.0,0.14326647564469916
3297,696.0,0.14326647564469916
3299,695.0,0.17921146953405018
3300,696.0,0.14326647564469916
3301,695.0,0.17921146953405018
3302,695.0,0.17921146953405018
3304,696.0,0.14326647564469916
3305,696.0,0.14326647564469916
3306,695.0,0.17921146953405018
3308,695.0,0.17921146953405018
3309,696.0,0.14326647564469916
3310,696.0,0.14326647564469916
3311,696.0,0.14326647564469916
3313,695.0,0.17921146953405018
3314,695.0,0.17921146953405018
3315,696.0,0.14326647564469916
3316,695.0,0.17921146953405018
3318,696.0,0.14326647564469916
3319,696.0,0.14326647564469916
3320,695.0,0.17921146953405018
3322,695.0,0.17921146953405018
3323,695.0,0.17921146953405018
3324,696.0,0.14326647564469916
3325,696.0,0.14326647564469916
3328,696.0,0.14326647564469916
3329,696.0,0.14326647564469916
3330,696.0,0.14326647564469916
3331,696.0,0.14326647564469916
3333,696.0,0.14326647564469916
3334,695.0,0.17921146953405018
3335,695.0,0.17921146953405018
3337,695.0,0.17921146953405018
3338,695.0,0.17921146953405018
3339,695.0,0.17921146953405018
3340,695.0,0.17921146953405018
3342,696.0,0.14326647564469916
3343,695.0,0.17921146953405018
3344,695.0,0.17921146953405018
3345,695.0,0.17921146953405018
3347,696.0,0.14326647564469916
3348,696.0,0.14326647564469916
3349,695.0,0.17921146953405018
3351,696.0,0.14326647564469916
3352,695.0,0.17921146953405018
3353,695.0,0.17921146953405018
3354,696.0,0.14326647564469916
3356,695.0,0.17921146953405018
3357,696.0,0.14326647564469916
3358,696.0,0.14326647564469916
3359,695.0,0.17921146953405018
3361,695.0,0.17921146953405018
3362,695.0,0.17921146953405018
3363,695.0,0.17921146953405018
3365,696.0,0.14326647564469916
3366,696.0,0.14326647564469916
3367,696.0,0.14326647564469916
3368,696.0,0.14326647564469916
3371,696.0,0.14326647564469916
3372,696.0,0.14326647564469916
3373,695.0,0.17921146953405018
3374,696.0,0.14326647564469916
3376,696.0,0.14326647564469916
3377,695.0,0.17921146953405018
3378,696.0,0.14326647564469916
3380,695.0,0.17921146953405018
3381,695.0,0.17921146953405018
3382,696.0,0.14326647564469916
3383,695.0,0.17921146953405018
3385,696.0,0.14326647564469916
3386,696.0,0.14326647564469916
3387,696.0,0.14326647564469916
3388,696.0,0.14326647564469916
3390,696.0,0.14326647564469916
3391,696.0,0.14326647564469916
3392,695.0,0.17921146953405018
3394,696.0,0.14326647564469916
3395,696.0,0.14326647564469916
3396,695.0,0.17921146953405018
3397,695.0,0.17921146953405018
3399,695.0,0.17921146953405018
3400,695.0,0.17921146953405018
3401,695.0,0.17921146953405018
3402,695.0,0.17921146953405018
3404,695.0,0.17921146953405018
3405,695.0,0.17921146953405018
3406,696.0,0.14326647564469916
3408,696.0,0.14326647564469916
3409,696.0,0.14326647564469916
3410,695.0,0.17921146953405018
3411,696.0,0.14326647564469916
3414,695.0,0.17921146953405018
3415,696.0,0.14326647564469916
